rmse,rmse_detrend,rmse_detrend_Tissue,rmse_detrend_Blood,rmse_detrend_DGM,DeviationFromLinearSlope,CalcStreak,DeviationFromCalcMoment,DeviationFromLinearSlope (Log),SSIM,XSIM,HFEN,CC,MI,MAD,GXE,SSIM_detrend,XSIM_detrend,HFEN_detrend,MAD_detrend,GXE_detrend,Offset,Sim1,Sim2,Submission Identifier of the corresponding Stage 1 submission,Changes with respect to Stage 1 submission,Ground truth was not explicitly or implicitly incorporated into your algorithm or solution.,"Herewith, I permit the QSM Challenge committee  to publish my uploaded files (calculated maps) after the completion of the challenge.",File name of the zip-file you are going to upload
39.0158,42.29337,49.22916,89.41837,24.59516,0.01309681,0.03547812,10.4916,0.009407945,0.959181624146744,0.760547705852689,33.654533,0.92080724,0.48843187,37.078712,73.313156,0.958818664361153,0.760042219600901,33.972267,37.003529,72.50592,5.48E-11,4vwNfa7jQa_Sim1Snr1_Step2.nii,4vwNfa7jQa_Sim2Snr1_Step2.nii,4vwNfa7jQa,Optimized alpha1 and mu1 parameters based on RMSE score.,My algorithm does not incorporate explicit knowledge of the ground truth. I used the ground truth to only optimize/adjust general algorithmic parameters.,Yes (required),4vwNfa7jQa.zip
29.16847,30.4489,34.4664,54.08977,19.8017,0.006083968,0.03906694,16.18561,0.0055621197,0.968406246141181,0.872591415558159,28.254112,0.95670855,0.55528998,25.391674,60.190697,0.968477174554581,0.873281012836298,27.984888,25.329624,60.551735,4.10E-15,5e0YBJKZv1_Sim1Snr1_Step2.nii,5e0YBJKZv1_Sim2Snr1_Step2.nii,5e0YBJKZv1,"I selected the new parameters. The first parameters were alpha1 and mu1, for L1 iterations I  used sqrt(alpha1) an sqrt(mu1) and for L2 iterations I used alpha1 and mu1.
Now I use four parameters alpha11 and mu11 for L1 and alpha1 and mu1 for L2.
In Step 1 I used 300 iterations, 20 iterations in L1 and 280 iterations in L2.
Now I used 500 iterations, 190 iterations for L1 and 310 iterations for L1.",My algorithm does not incorporate explicit knowledge of the ground truth. I used the ground truth to only optimize/adjust general algorithmic parameters.,Yes (required),5e0YBJKZv1.zip
44.29784,49.34207,56.77834,102.7737,25.12841,0.1261285,0.08126885,23.53264,0.0087883985,0.944212376211565,0.732777547143308,44.040989,0.89657098,0.49840441,43.019321,66.234863,0.944499559192646,0.733189391052305,44.113045,42.797829,65.906219,-1.25E-10,9DA40BwhyA_Sim1Snr1_Step2.nii,9DA40BwhyA_Sim2Snr1_Step2.nii,9DA40BwhyA,I set new parameters,My algorithm does not incorporate explicit knowledge of the ground truth. I used the ground truth to only optimize/adjust general algorithmic parameters.,Yes (required),9DA40BwhyA.zip
60.95225,76.45268,95.40424,148.6387,43.27142,0.04688358,0.1130174,40.17298,0.019840369,0.93271472135905,0.596840616267753,41.993294,0.82084799,0.42662564,58.843376,87.814743,0.945464309953871,0.597983217017117,42.401962,58.072144,85.594574,-2.85E-10,9uErOsxGtr_Sim1Snr1_Step2.nii,9uErOsxGtr_Sim2Snr1_Step2.nii,9uErOsxGtr,"The network was retraining from scratch with the same data in the identical setting with stage 1, and the map with the best challenge metric was chosen.",My algorithm does not incorporate explicit knowledge of the ground truth. I used the ground truth to only optimize/adjust general algorithmic parameters.,Yes (required),9uErOsxGtr.zip
81.98774,85.50212,104.8768,144.7653,53.89996,0.06277572,0.140531,35.82798,0.21789567,0.907558943245123,0.471723565539174,66.780579,0.76018107,0.41777629,82.389465,151.20807,0.910158618138919,0.519986775260039,59.966221,64.830933,98.714523,-4.94E-17,9xFaMbtDhf_Sim1Snr1_Step2(1).nii,9xFaMbtDhf_Sim2Snr1_Step2(1).nii,9xFaMbtDhf_1,The final susceptibility map was multiplied by 0.7.,My algorithm does not incorporate explicit knowledge of the ground truth. I used the ground truth to only optimize/adjust general algorithmic parameters.,Yes (required),9xFaMbtDhf_1
71.30968,85.50212,104.8768,144.7653,53.89996,0.1143536,0.1390526,38.49411,0.13871442,0.91360160335428,0.505213849770215,59.976421,0.76018375,0.41777807,71.723282,127.17905,0.910158618138919,0.519986775260039,59.966221,64.830933,98.714523,-2.48E-17,9xFaMbtDhf_Sim1Snr1_Step2.nii,9xFaMbtDhf_Sim2Snr1_Step2.nii,9xFaMbtDhf,The final susceptibility map was multiplied by 0.84.,My algorithm does not incorporate explicit knowledge of the ground truth. I used the ground truth to only optimize/adjust general algorithmic parameters.,Yes (required),9xFaMbtDhf_2
30.27352,31.76414,37.71132,70.91371,19.64257,0.01738852,0.02805223,12.59539,0.0034180926,0.963781263726088,0.807249834183738,25.986355,0.94527668,0.49441397,32.666531,63.638039,0.963414414591901,0.806990480520034,26.138811,32.636444,63.326714,-2.26E-10,aikOpF4Znc_Sim1Snr1_Step2.nii,aikOpF4Znc_Sim2Snr1_Step2.nii,aikOpF4Znc,Optimized alpha1 and mu1 parameters based on RMSE score.,My algorithm does not incorporate explicit knowledge of the ground truth. I used the ground truth to only optimize/adjust general algorithmic parameters.,Yes (required),aikOpF4Znc.zip
70.8497,101.2745,116.9626,411.2893,68.7179,0.4417304,0.1290779,46.40516,0.045592833,0.928021875043422,0.510129499963207,61.519676,0.74694008,0.39302972,60.869663,105.42947,0.940246749561812,0.507728386593471,61.679169,60.409103,103.29218,-2.73E-10,bR2Oi0ZCZi_Sim1Snr1_Step2.nii,bR2Oi0ZCZi_Sim2Snr1_Step2.nii,bR2Oi0ZCZi,Same parameters as Step1,My algorithm does not incorporate explicit knowledge of the ground truth. I used the ground truth to only optimize/adjust general algorithmic parameters.,Yes (required),bR2Oi0ZCZi.zip
61.77843,78.8651,100.527,152.9239,38.90336,0.01789755,0.1624353,40.17036,0.044501219,0.935474853552085,0.587023539300383,47.082176,0.81876028,0.41928637,60.486759,72.325279,0.953159611680193,0.5999167502279,46.00811,59.283611,74.382874,-8.80E-11,BZA1ZHG0K7_Sim1Snr1_Step2.nii,BZA1ZHG0K7_Sim2Snr1_Step2.nii,BZA1ZHG0K7,"The network was retraining from scratch with the same data in the identical setting with stage 1, and the map with the best challenge metric was chosen.",My algorithm does not incorporate explicit knowledge of the ground truth. I used the ground truth to only optimize/adjust general algorithmic parameters.,Yes (required),BZA1ZHG0K7.zip
94.23193,108.6011,147.3052,163.8997,47.19219,0.07493317,0.2113364,27.68247,0.27029327,0.932863110624923,0.310856548189117,72.866592,0.63970363,0.36859024,111.9735,155.4234,0.912045527854033,0.373461322958113,64.16964,82.678223,96.938324,1.64E-10,cbi99GQHhl_Sim1Snr1_Step2.nii,cbi99GQHhl_Sim2Snr1_Step2.nii,cbi99GQHhl,None,My algorithm does not incorporate explicit knowledge of the ground truth. I used the ground truth to only optimize/adjust general algorithmic parameters.,Yes (required),cbi99GQHhl.zip
46.39275,49.62872,61.7569,86.46013,25.59262,0.05545399,0.02953513,20.65833,0.059024308,0.98704539931322,0.704057346719984,33.091652,0.89347231,0.43787849,48.84436,78.517181,0.985497593156546,0.708670179275824,35.904583,45.815849,71.176056,1.35E-10,DavRub7513_Sim1Snr1_Step2.nii,DavRub7513_Sim2Snr1_Step2.nii,DavRub7513,Modification of regularization parameter,My algorithm does not incorporate explicit knowledge of the ground truth. I used the ground truth to only optimize/adjust general algorithmic parameters.,Yes (required),DavRub7513.zip
30.6764,32.23701,39.97586,47.85397,19.78144,0.002468795,0.01427833,7.971096,0.0046622097,0.957556032160042,0.809790820862369,26.634197,0.95011836,0.49183968,32.804947,57.090317,0.957740880407495,0.81042838193389,26.384163,32.73344,57.423073,7.13E-10,EODh2MXvXX_Sim1Snr1_Step2.nii.nii,EODh2MXvXX_Sim2Snr1_Step2.nii.nii,EODh2MXvXX,"Optimized alpha1, mu1 and beta parameters based on RMSE score.",My algorithm does not incorporate explicit knowledge of the ground truth. I used the ground truth to only optimize/adjust general algorithmic parameters.,Yes (required),EODh2MXvXX_1.zip
65.23468,71.0459,85.62855,117.9469,38.12112,0.0030381,0.08743446,25.89549,0.13507798,0.871503472156026,0.542916147900401,51.143929,0.81469423,0.43543106,68.954514,133.03058,0.891190910160985,0.582470537586778,49.862236,59.042664,100.23007,-1.87E-17,Fd14aCAFot_Sim1Snr1_Step2.nii,Fd14aCAFot_Sim2Snr1_Step2.nii,Fd14aCAFot,The regularisation parameter was set to α = 0.003.,My algorithm does not incorporate explicit knowledge of the ground truth. I used the ground truth to only optimize/adjust general algorithmic parameters.,Yes (required),Fd14aCAFot_1
58.281,71.77995,90.37367,132.4107,32.93488,0.1594939,0.09346513,36.46696,0.0071326382,0.940426581335364,0.587585141701632,52.679161,0.81151706,0.45076436,59.871071,78.143539,0.940075215301204,0.587366429530712,52.71767,59.823669,78.160248,-2.48E-11,FTAaNyeZiW_Sim1Snr1_Step2.nii.gz,FTAaNyeZiW_Sim2Snr1_Step2.nii.gz,FTAaNyeZiW,"We changed the size of the objects in the synthetic training data, clipped the frequency maps at large values and tuned the noise level.",My algorithm does not incorporate explicit knowledge of the ground truth. I used the ground truth to only optimize/adjust general algorithmic parameters.,Yes (required),FTAaNyeZiW.zip
50.4848,57.289,70.98507,103.7384,30.50169,0.04857507,0.07028098,21.01922,0.033631586,0.964606889294116,0.673722451087441,41.599625,0.86777741,0.42383939,48.991684,99.492111,0.962813796240553,0.673681553633696,42.694145,48.71978,92.386017,-3.36E-11,gwSYpFV9ir_Sim1Snr1_Step2.nii,gwSYpFV9ir_Sim2Snr1_Step2.nii,gwSYpFV9ir,only parameter changed is δ=0.22,My algorithm does not incorporate explicit knowledge of the ground truth. I used the ground truth to only optimize/adjust general algorithmic parameters.,Yes (required),gwSYpFV9ir.zip
73.89696,87.41203,105.0953,154.6161,35.74328,0.09463378,0.07197925,21.80338,0.12332004,0.972182721057194,0.535351772568922,52.852329,0.75030816,0.37422663,68.669701,149.20313,0.965854099195964,0.529316263402737,53.149818,64.894089,114.08791,8.45E-11,HjMvpRmBnO_Sim1Snr1_Step2.nii,HjMvpRmBnO_Sim2Snr1_Step2.nii,HjMvpRmBnO,regularization parameters,My algorithm does not incorporate explicit knowledge of the ground truth. I used the ground truth to only optimize/adjust general algorithmic parameters.,Yes (required),HjMvpRmBnO
48.60502,55.60619,66.46073,117.8723,30.37355,0.160689,0.1664149,36.22566,0.0072706044,0.935948172064819,0.668251249391672,48.708557,0.87426436,0.47138152,46.559864,81.470398,0.935599447307353,0.667080176274647,48.718491,46.514488,81.143402,-3.71E-10,HnOQS9oNNu_Sim1Snr1_Step2.nii,HnOQS9oNNu_Sim2Snr1_Step2.nii,HnOQS9oNNu,different hyperparameters,My algorithm does not incorporate explicit knowledge of the ground truth. I used the ground truth to only optimize/adjust general algorithmic parameters.,Yes (required),HnOQS9oNNu.zip
46.98318,50.99257,60.32253,99.25893,26.87889,0.01206395,0.06906218,21.1062,0.048843015,0.973687246290119,0.733995338122671,35.443459,0.89070213,0.45473757,44.50959,94.403412,0.972800377723905,0.737112745848485,37.059433,43.775604,84.980148,3.31E-10,hpJGTclwvb_Sim1Snr1_Step2.nii,hpJGTclwvb_Sim2Snr1_Step2.nii,hpJGTclwvb,"parameters changes as δ=0.2, λ_1=200, γ_1=400, β=1, iter_max_S=3 ",My algorithm does not incorporate explicit knowledge of the ground truth. I used the ground truth to only optimize/adjust general algorithmic parameters.,Yes (required),hpJGTclwvb.zip
72.15656,78.66792,94.82578,144.1231,44.65511,0.02758851,0.1483328,36.38838,0.16590396,0.921248689518044,0.532199714893503,56.472237,0.78576529,0.42807907,70.852829,146.45816,0.920418248385483,0.56586638307141,55.015381,60.506073,104.61307,-3.87E-17,j77XACIkgF_Sim1Snr1_Step2.nii,j77XACIkgF_Sim2Snr1_Step2.nii,j77XACIkgF,The regularisation parameter was set to α = 0.027 and the final susceptibility map was multiplied by 0.84.,My algorithm does not incorporate explicit knowledge of the ground truth. I used the ground truth to only optimize/adjust general algorithmic parameters.,Yes (required),j77XACIkgF_1
43.37224,48.01958,60.46613,88.96262,25.8149,0.04761115,0.06538314,25.26391,0.014027715,0.962198199786265,0.705109638765528,38.399258,0.90129113,0.46004474,43.358139,75.327332,0.959818656648344,0.702209085964171,38.830597,43.410904,74.147438,-2.27E-10,j7WMw83s6D_Sim1Snr1_Step2.nii,j7WMw83s6D_Sim2Snr1_Step2.nii,j7WMw83s6D,"A changed the parameters optimization: Labmda/alpha1 = 4x10-4, y muh1 = 200*alpha1.",My algorithm does not incorporate explicit knowledge of the ground truth. I used the ground truth to only optimize/adjust general algorithmic parameters.,Yes (required),j7WMw83s6D_step2
50.28843,55.97329,66.45925,94.16447,33.3688,0.08136799,0.1147554,40.11865,0.050603501,0.952669604795111,0.692035782749039,48.224197,0.86752141,0.46657154,50.058781,84.259323,0.950300243584044,0.694039882395213,45.714947,49.613632,78.537521,-3.32E-17,Jg4olcpuFP_Sim1Snr1_Step2.nii.gz,Jg4olcpuFP_Sim2Snr1_Step2.nii.gz,Jg4olcpuFP,"1. Construct new training data. 2. Change the neural network architecture which incorporates a local low-pass filter to denoise the features maps based on the idea in the paper - Feature Denoising for Improving Adversarial Robustness, hoping to improve noise robust capability. No adding noise in the training input.  ",My algorithm does not incorporate explicit knowledge of the ground truth. I used the ground truth to only optimize/adjust general algorithmic parameters.,Yes (required),Jg4olcpuFP
32.27911,34.08933,42.12762,50.06366,20.0526,0.004850298,0.03736393,19.49774,0.0036678447,0.957844234870174,0.761140250187802,28.933098,0.93581289,0.46062177,36.411312,62.64143,0.957268437040278,0.760542093972996,29.038689,36.477394,62.40107,6.77E-10,mojcYZ0HAA_Sim1Snr1_Step2.nii,mojcYZ0HAA_Sim2Snr1_Step2.nii,mojcYZ0HAA,"Optimized alpha1, mu1 and beta parameters based on RMSE score.",My algorithm does not incorporate explicit knowledge of the ground truth. I used the ground truth to only optimize/adjust general algorithmic parameters.,Yes (required),mojcYZ0HAA.zip
86.64874,113.1539,142.2707,181.0131,59.06506,0.1020689,0.1132687,36.97329,0.20743762,0.9469685483723,0.309357950517024,54.952473,0.59969926,0.35665616,105.35165,200.66364,0.934339936924013,0.370780549845076,59.3311,84.719528,129.70557,1.18E-10,Mx2TDToh2i_Sim1Snr1_Step2.nii,Mx2TDToh2i_Sim2Snr1_Step2.nii,Mx2TDToh2i,Simulated training data different than the previous stage ones,My algorithm does not incorporate explicit knowledge of the ground truth. I used the ground truth to only optimize/adjust general algorithmic parameters.,Yes (required),Mx2TDToh2i.zip
61.56889,77.64328,90.95549,127.3282,77.04227,0.3457509,0.1036071,44.06721,0.035637036,0.918270468711494,0.528987260144998,67.69754,0.79062003,0.43456432,60.216606,71.824684,0.916755675395305,0.524417619257594,67.292992,59.582153,71.763573,-5.91E-11,NF3tlGX8ED_Sim1Snr1_Step2.nii.gz,NF3tlGX8ED_Sim2Snr1_Step2.nii.gz,NF3tlGX8ED,"We selected the best model wrt the ground truth data, i.e. we stopped the training when the model started to overfit to our synthetic training dataset. We slightly modified the process of generating the synthetic data. We used an l2 loss instead of an l1 loss due to the evaluation scheme.",My algorithm does not incorporate explicit knowledge of the ground truth. I used the ground truth to only optimize/adjust general algorithmic parameters.,Yes (required),NF3tlGX8ED.zip
63.18241,82.00697,107.6465,153.839,39.42357,0.06298673,0.1044035,45.5186,0.036548402,0.941544819412106,0.548407164824313,49.558006,0.79806376,0.40911198,62.68412,75.421158,0.954837537184874,0.553742230637071,49.295883,61.722107,75.945793,-2.75E-10,nxEaOyG7or_Sim1Snr1_Step2.nii,nxEaOyG7or_Sim2Snr1_Step2.nii,nxEaOyG7or,"The network was retrained from scratch in the identical setting with stage 1, and the map with the best challenge metric was chosen.",My algorithm does not incorporate explicit knowledge of the ground truth. I used the ground truth to only optimize/adjust general algorithmic parameters.,Yes (required),nxEaOyG7or.zip
91.16302,118.423,153.3802,197.2003,70.96252,0.3302386,0.1344248,45.81115,0.24739215,0.91385964913501,0.32748122129324,70.806938,0.62455285,0.40341559,105.21671,148.9695,0.90335311018074,0.376511774876147,68.0224,81.548836,100.30522,-9.18E-10,OGggRA8FeM_Sim1Snr1_Step2.nii.gz,OGggRA8FeM_Sim2Snr1_Step2.nii.gz,OGggRA8FeM,We changed the size of the objects in the synthetic training data and clipped the frequency maps at large values.,My algorithm does not incorporate explicit knowledge of the ground truth. I used the ground truth to only optimize/adjust general algorithmic parameters.,Yes (required),OGggRA8FeM.zip
32.76813,34.64873,41.20464,54.89944,19.93031,0.007489502,0.02815867,8.527245,0.006329495,0.957463528641447,0.7622170897086,29.466747,0.93339658,0.50509918,36.348961,63.762344,0.956881269238279,0.761593910702767,29.414753,36.619568,63.644871,-2.66E-10,qm2JVMNaV6_Sim1Snr1_Step2.nii,qm2JVMNaV6_Sim2Snr1_Step2.nii,qm2JVMNaV6,"Optimized alpha1, mu1 and beta parameters based on RMSE score.",My algorithm does not incorporate explicit knowledge of the ground truth. I used the ground truth to only optimize/adjust general algorithmic parameters.,Yes (required),qm2JVMNaV6.zip
38.96722,42.40271,51.24553,73.80054,22.65482,0.01465529,0.03841856,19.97774,0.0051857559,0.9757723955662,0.69519406890066,35.552521,0.91114831,0.40958333,40.910728,75.22097,0.975404630040492,0.694245250246879,35.520645,41.132732,75.184128,-3.97E-10,r4RQwkm3Hd_Sim1Snr1_Step2.nii,r4RQwkm3Hd_Sim2Snr1_Step2.nii,r4RQwkm3Hd,"Optimized alpha1, mu1 and beta parameters based on RMSE score.",My algorithm does not incorporate explicit knowledge of the ground truth. I used the ground truth to only optimize/adjust general algorithmic parameters.,Yes (required),r4RQwkm3Hd.zip
61.76146,77.10983,105.1824,113.4814,33.60658,0.1293567,0.08031249,37.6171,0.046750631,0.92800802677134,0.510041379129406,56.062019,0.78793383,0.40238595,67.194618,69.472672,0.920725806659796,0.510611323180535,55.395447,66.096146,69.030617,-1.33E-11,rjEHqZ7N2X_Sim1Snr1_Step2.nii,rjEHqZ7N2X_Sim2Snr1_Step2.nii,rjEHqZ7N2X,We add some spatial adaptive normalization modules to the network.,My algorithm does not incorporate explicit knowledge of the ground truth. I used the ground truth to only optimize/adjust general algorithmic parameters.,Yes (required),rjEHqZ7N2X
75.12099,80.92563,95.78951,153.2762,44.88603,0.01658573,0.1344467,29.74721,0.18222086,0.936981323961257,0.540612517428377,58.029602,0.77700329,0.41164136,70.254387,160.10902,0.934773292129195,0.570133141203818,55.844231,60.312912,109.94282,-4.34E-17,sgYnn2UlVE_Sim1Snr1_Step2.nii,sgYnn2UlVE_Sim2Snr1_Step2.nii,sgYnn2UlVE,The regularisation parameter was set to α = 0.027 and the final susceptibility map was multiplied by 0.84.,My algorithm does not incorporate explicit knowledge of the ground truth. I used the ground truth to only optimize/adjust general algorithmic parameters.,Yes (required),sgYnn2UlVE_1
60.40516,75.21444,95.65623,148.0629,41.62863,0.156051,0.1313864,40.34541,0.02031422,0.93246860342593,0.567057041291749,45.421783,0.81097174,0.42450982,61.335583,79.083992,0.943627159747558,0.567068948302053,45.501251,60.2201,77.521301,-1.68E-10,SvA010zZI6_Sim1Snr1_Step2.nii,SvA010zZI6_Sim2Snr1_Step2.nii,SvA010zZI6,"The network was retraining from scratch with the same data in the identical setting with stage 1, and the map with the best challenge metric was chosen.",My algorithm does not incorporate explicit knowledge of the ground truth. I used the ground truth to only optimize/adjust general algorithmic parameters.,Yes (required),SvA010zZI6.zip
36.45972,39.05323,48.55781,70.65833,22.0282,0.04277593,0.01643601,10.07586,0.013374723,0.963893174543412,0.775040960319348,27.455786,0.92994636,0.48472303,38.42458,60.900631,0.962656403498058,0.774020472415844,28.112581,38.296825,59.769135,1.14E-10,TGVmpnl_Sim1Snr1_Step2.nii,TGVmpnl_Sim2Snr1_Step2.nii,TGVmpnl,I also tried to mask the calcification using magnitud images.,My algorithm does not incorporate explicit knowledge of the ground truth. I used the ground truth to only optimize/adjust general algorithmic parameters.,Yes (required),TGVmpnl
28.853,30.16171,36.92021,62.92204,19.92666,0.01458007,0.01338126,5.75386,0.0020713219,0.957140328604974,0.794987004628788,25.732933,0.94907057,0.50893986,33.450245,58.46505,0.957538992326864,0.795430865673607,25.638296,33.430984,58.623245,5.60E-10,TVmpnl_Sim1Snr1_Step2.nii,TVmpnl_Sim2Snr1_Step2.nii,TVmpnl,"Besides optimizing the parameters, I tried to mask the calcification of SIm2 magnitud image.",My algorithm does not incorporate explicit knowledge of the ground truth. I used the ground truth to only optimize/adjust general algorithmic parameters.,Yes (required),TVmpnl
86.86755,102.8594,132.0481,156.4805,54.12145,0.06527573,0.1088984,26.51937,0.22707923,0.955062589300659,0.431062993565471,52.471062,0.69703484,0.36180574,86.329254,185.32335,0.948980976193695,0.469584071386122,54.876827,71.77314,115.28887,8.48E-11,u1qUWqXjWY_Sim1Snr1_Step2.nii,u1qUWqXjWY_Sim2Snr1_Step2.nii,u1qUWqXjWY,we did data modification in our trainning data generation process. ,My algorithm does not incorporate explicit knowledge of the ground truth. I used the ground truth to only optimize/adjust general algorithmic parameters.,Yes (required),u1qUWqXjWY
31.65107,33.34903,38.15632,78.6126,19.59553,0.01834118,0.03004882,10.24977,0.0034776705,0.963417652801778,0.807398650090262,28.033878,0.94081891,0.5319159,32.684269,65.505051,0.96305060985311,0.807107101839774,28.166237,32.680973,65.22934,1.45E-10,UhzkoFqLbe_Sim1Snr1_Step2.nii,UhzkoFqLbe_Sim2Snr1_Step2.nii,UhzkoFqLbe,Optimized alpha1 and mu1 parameters based on RMSE score.,My algorithm does not incorporate explicit knowledge of the ground truth. I used the ground truth to only optimize/adjust general algorithmic parameters.,Yes (required),UhzkoFqLbe.zip
96.39838,153.261,251.5832,187.9728,65.57625,0.2579676,0.1268179,43.07091,0.25728336,0.954908571928113,0.149722946766871,73.413605,0.41168451,0.35494158,145.55894,162.18033,0.911532839446497,0.208568744455519,73.07431,103.84916,105.66459,-3.96E-10,urVBXFAeow_Sim1Snr1_Step2.nii,urVBXFAeow_Sim2Snr1_Step2.nii,urVBXFAeow,None.,My algorithm does not incorporate explicit knowledge of the ground truth. I used the ground truth to only optimize/adjust general algorithmic parameters.,Yes (required),urVBXFAeow.zip
64.41438,83.80615,107.7701,161.4677,45.47941,0.1214934,0.1061153,45.96669,0.056349672,0.938190769304936,0.527050426235306,51.147224,0.78135818,0.40809333,66.209259,77.900169,0.956555347378815,0.5446802084482,49.353722,64.816101,81.589279,-1.07E-10,VvuzvIauS6_Sim1Snr1_Step2.nii,VvuzvIauS6_Sim2Snr1_Step2.nii,VvuzvIauS6,"The network was retrained on identical settings with stage 1 except for the dataset; to match the susceptibility distribution of Sim2, we created an approximate threshold based mask of the DGM and WM and shifted each region with a fixed scalar value plus Gaussian noise.",My algorithm does not incorporate explicit knowledge of the ground truth. I used the ground truth to only optimize/adjust general algorithmic parameters.,Yes (required),VvuzvIauS6.zip
68.30441,92.23174,118.3937,170.722,46.60893,0.03164837,0.1672786,45.73243,0.038220465,0.931650705675979,0.548068728341252,50.538586,0.77246475,0.41647702,67.029106,79.399223,0.941233423627314,0.548282423031214,50.340752,66.148788,77.415344,-1.08E-10,waXOIrgZog_Sim1Snr1_Step2.nii,waXOIrgZog_Sim2Snr1_Step2.nii,waXOIrgZog,"The network was retrained on identical settings with stage 1 except for the dataset; to match the susceptibility distribution of Sim2, we created an approximate threshold based mask of the DGM and WM and shifted each region with a fixed scalar value.",My algorithm does not incorporate explicit knowledge of the ground truth. I used the ground truth to only optimize/adjust general algorithmic parameters.,Yes (required),waXOIrgZog.zip
30.40783,31.84806,37.31822,50.52602,19.86163,0.02122003,0.01468384,4.470299,0.013369752,0.956875844334838,0.834729170952928,26.895893,0.95230746,0.51082385,29.608475,63.115067,0.955940943474494,0.833266208283778,27.569542,29.517517,61.944607,8.71E-11,WCMJZ1_Sim1Snr1_Step2.nii,WCMJZ1_Sim2Snr1_Step2.nii,BnhV1weeRf,"The pre-trained network was trained on MEDI result for each brain, which was similar to stage 1 submission. The further training step has a tunable parameter in loss function (identical to MEDI cost function) which is optimized according to quantitative metrics regarding ground truth. ",My algorithm does not incorporate explicit knowledge of the ground truth. I used the ground truth to only optimize/adjust general algorithmic parameters.,Yes (required),BnhV1weeRf
38.12076,39.21214,46.73816,74.54352,24.12183,0.02155912,0.01535972,4.504196,0.048409022,0.978733427744521,0.767663358054457,28.467155,0.92903346,0.46465009,37.315369,87.738586,0.977543078660065,0.769287791347787,30.146183,36.225979,79.083595,-8.42E-11,wcmrj11111_Sim1Snr1_Step2.nii,wcmrj11111_Sim2Snr1_Step2.nii,wcmrj11111,"Major changes include the number of echoes used to calculate field and magnitude images, regularization parameters, stopping criteria for the solver, and changes to noise estimation ",My algorithm does not incorporate explicit knowledge of the ground truth. I used the ground truth to only optimize/adjust general algorithmic parameters.,Yes (required),wcmrj11111
35.48288,37.01831,43.90344,67.55338,23.0113,0.02056831,0.0134497,3.92514,0.032620274,0.980258164094793,0.793681234065979,27.559422,0.9358443,0.44444424,34.807762,79.265938,0.979023512068207,0.792577491686888,28.82547,34.513283,74.034637,-2.27E-10,wgJwSci4bs_Sim1Snr1_Step2.nii,wgJwSci4bs_Sim2Snr1_Step2.nii,wgJwSci4bs,1) regularization strength 2) threshold for outliers 3) edge mask construction 4) number of echoes for reconstruction,My algorithm does not incorporate explicit knowledge of the ground truth. I used the ground truth to only optimize/adjust general algorithmic parameters.,Yes (required),wgJwSci4bs.zip
36.80664,37.9443,46.81614,67.60706,22.53953,0.02305353,0.01039771,3.045063,0.042667437,0.979902071533852,0.778507674152276,26.440659,0.9333173,0.47755507,38.057304,78.178665,0.979632864092215,0.78268522668387,27.596527,37.525131,70.707001,2.79E-11,WgpBiTiZw9_Sim1Snr1_Step2.nii,WgpBiTiZw9_Sim2Snr1_Step2.nii,WgpBiTiZw9,"The regularization parameters, the structure reference, and the number of iterations were optimized. ",My algorithm does not incorporate explicit knowledge of the ground truth. I used the ground truth to only optimize/adjust general algorithmic parameters.,Yes (required),WgpBiTiZw9_Step2
57.41323,69.56572,81.31277,135.634,34.26696,0.2551394,0.1356737,32.13094,0.034523334,0.968831281019902,0.626305625776197,50.857307,0.82098877,0.4083032,54.060879,102.45708,0.967227279765426,0.63027201971958,50.645874,53.273628,102.86623,9.30E-11,x9BSs71ISS_Sim1Snr1_Step2.nii,x9BSs71ISS_Sim2Snr1_Step2.nii,x9BSs71ISS,We change the parameters,My algorithm does not incorporate explicit knowledge of the ground truth. I used the ground truth to only optimize/adjust general algorithmic parameters.,Yes (required),qsm_res_1.zip
66.47193,72.28041,85.87121,123.5309,38.66088,0.001041708,0.08993154,32.80736,0.14123794,0.87303521941754,0.535363837439995,53.739101,0.81021059,0.4445869,70.302727,128.01192,0.894413195446027,0.579041799036397,51.73077,59.37645,96.329727,-6.42E-17,XpRqBm7C3f_Sim1Snr1_Step2(1).nii,XpRqBm7C3f_Sim2Snr1_Step2(1).nii,XpRqBm7C3f_1,The regularisation parameter was set to α = 0.003.,My algorithm does not incorporate explicit knowledge of the ground truth. I used the ground truth to only optimize/adjust general algorithmic parameters.,Yes (required),XpRqBm7C3f_1
66.09312,72.70917,86.88976,122.4825,38.56168,0.01830755,0.08840854,32.84563,0.13623522,0.869446658679535,0.534081025681068,52.075684,0.80861318,0.44208258,70.028183,130.9389,0.890398364388856,0.574732049137453,51.062866,59.728294,99.029884,-1.18E-17,XpRqBm7C3f_Sim1Snr1_Step2.nii,XpRqBm7C3f_Sim2Snr1_Step2.nii,XpRqBm7C3f,The regularisation parameter was set to α = 0.005.,My algorithm does not incorporate explicit knowledge of the ground truth. I used the ground truth to only optimize/adjust general algorithmic parameters.,Yes (required),XpRqBm7C3f_2
66.97341,86.03571,106.7755,163.4402,44.20217,0.167945,0.06673177,48.80912,0.07883057,0.938028994334411,0.548386185989921,59.222862,0.75826091,0.41531843,65.426697,107.56773,0.928493283789532,0.543525633891356,58.549858,63.857414,95.331306,-1.25E-10,YTQ7SppYwF_Sim1Snr1_Step2.nii.gz,YTQ7SppYwF_Sim2Snr1_Step2.nii.gz,YTQ7SppYwF,"We changed the size of the objects in the synthetic training data, clipped the frequency maps at large values and tuned the noise level.",My algorithm does not incorporate explicit knowledge of the ground truth. I used the ground truth to only optimize/adjust general algorithmic parameters.,Yes (required),YTQ7SppYwF.zip
73.38473,87.246,105.7748,152.1043,54.39055,0.0926828,0.1296096,31.4867,0.15353531,0.930217450759126,0.510198684599229,61.149498,0.75340879,0.40633786,71.483963,137.9025,0.923516353352613,0.52188590150141,60.606209,64.650391,103.26078,-1.68E-17,zSKb53P9XH_Sim1Snr1_Step2.nii,zSKb53P9XH_Sim2Snr1_Step2.nii,zSKb53P9XH,The final susceptibility map was multiplied by 0.7.,My algorithm does not incorporate explicit knowledge of the ground truth. I used the ground truth to only optimize/adjust general algorithmic parameters.,Yes (required),zSKb53P9XH_1
